company,venue,year,month,ingresos,interes,impuestos,depreciacion,amortizacion,ebitda
PALLAPIZZA,PAMPLONA,2024,1,98861.1,3299.09,8168.57,5452.54,3347.22,119128.52
PALLAPIZZA,PAMPLONA,2024,2,47545.41,1136.37,6587.27,3873.23,3816.2,62958.48
PALLAPIZZA,PAMPLONA,2024,3,77570.67,1702.72,12682.55,6003.42,2218.0,100177.36
PALLAPIZZA,PAMPLONA,2024,4,112006.47,1871.06,14070.21,4760.42,3057.52,135765.68
PALLAPIZZA,PAMPLONA,2024,5,80583.11,3358.78,5062.06,5070.32,3830.35,97904.62
PALLAPIZZA,PAMPLONA,2024,6,123100.97,2427.07,9483.86,5600.1,1587.55,142199.55000000002
PALLAPIZZA,PAMPLONA,2024,7,52702.45,2024.29,13812.77,7976.03,1304.08,77819.62
PALLAPIZZA,PAMPLONA,2024,8,90255.23,1889.78,14792.36,6521.59,3223.1,116682.06
PALLAPIZZA,PAMPLONA,2024,9,119864.59,1703.33,13771.17,7131.95,1343.1,143814.14
PALLAPIZZA,PAMPLONA,2024,10,139412.65,3457.24,14326.57,6007.33,1784.5,164988.28999999998
PALLAPIZZA,PAMPLONA,2024,11,129764.56,3097.52,7035.75,5434.56,2773.28,148105.66999999998
PALLAPIZZA,PAMPLONA,2024,12,79152.78,1444.08,11142.22,6120.12,2775.11,100634.31
PALLAPIZZA,BILBAO,2024,1,62430.44,3152.18,14382.99,5065.45,1799.81,86830.87
PALLAPIZZA,BILBAO,2024,2,142252.41,2243.74,7670.56,5843.52,1995.81,160006.03999999998
PALLAPIZZA,BILBAO,2024,3,111043.58,2207.08,13594.3,5017.04,1252.49,133114.49
PALLAPIZZA,BILBAO,2024,4,148619.35,1478.1,6872.4,7326.45,1390.15,165686.45
PALLAPIZZA,BILBAO,2024,5,88417.68,4033.39,8470.84,4502.16,2718.45,108142.51999999999
PALLAPIZZA,BILBAO,2024,6,74020.41,4554.95,9997.62,6262.6,3224.69,98060.27
PALLAPIZZA,BILBAO,2024,7,121071.24,3014.96,12880.27,5301.35,1390.43,143658.25
PALLAPIZZA,BILBAO,2024,8,116378.26,1142.39,7609.95,6057.15,2649.76,133837.51
PALLAPIZZA,BILBAO,2024,9,110037.72,4552.41,8269.51,7924.05,3586.98,134370.67
PALLAPIZZA,BILBAO,2024,10,68033.58,4110.47,6293.13,6237.69,2903.55,87578.42000000001
PALLAPIZZA,BILBAO,2024,11,143911.65,1935.87,7449.47,2091.18,1827.05,157215.21999999997
PALLAPIZZA,BILBAO,2024,12,58944.89,2556.39,14179.95,4934.0,3390.15,84005.37999999999
PALLAPIZZA,BURGOS,2024,1,140824.37,1138.93,14076.5,6802.4,2109.84,164952.03999999998
PALLAPIZZA,BURGOS,2024,2,110412.93,2913.36,14547.91,7664.36,2597.82,138136.38
PALLAPIZZA,BURGOS,2024,3,61090.42,3157.82,14440.58,7793.31,1758.77,88240.9
PALLAPIZZA,BURGOS,2024,4,40468.08,4848.09,14229.28,7604.28,1027.0,68176.73
PALLAPIZZA,BURGOS,2024,5,131364.14,1991.05,13853.61,3598.55,1214.23,152021.58
PALLAPIZZA,BURGOS,2024,6,87646.25,3204.55,8156.16,3464.14,2617.48,105088.58
PALLAPIZZA,BURGOS,2024,7,116239.92,3022.06,11098.39,2483.91,1363.7,134207.98
PALLAPIZZA,BURGOS,2024,8,51242.3,3881.56,13651.14,6342.7,2123.85,77241.55
PALLAPIZZA,BURGOS,2024,9,42665.86,3246.89,12348.04,4427.21,2614.82,65302.82
PALLAPIZZA,BURGOS,2024,10,142769.66,1220.02,7292.05,3803.01,2781.27,157866.00999999998
PALLAPIZZA,BURGOS,2024,11,124608.06,2577.38,10475.27,3074.47,3805.98,144541.16
PALLAPIZZA,BURGOS,2024,12,137735.31,3156.1,7195.06,5885.41,3167.13,157139.01
PALLAPIZZA,VITORIA,2024,1,49579.23,4168.51,11634.16,2005.35,2982.21,70369.46000000002
PALLAPIZZA,VITORIA,2024,2,102050.05,2317.83,6362.1,3691.85,1464.75,115886.58000000002
PALLAPIZZA,VITORIA,2024,3,74842.4,4063.1,12814.49,6023.06,2835.14,100578.19
PALLAPIZZA,VITORIA,2024,4,87672.44,2338.78,14242.3,3628.33,1668.42,109550.27
PALLAPIZZA,VITORIA,2024,5,140518.92,3332.24,13186.07,5994.4,2964.51,165996.14
PALLAPIZZA,VITORIA,2024,6,124055.01,4194.91,11984.45,6153.65,3777.2,150165.22
PALLAPIZZA,VITORIA,2024,7,53748.91,2901.98,12239.91,3001.32,3381.7,75273.82
PALLAPIZZA,VITORIA,2024,8,101188.89,1004.26,9323.01,4419.54,2629.78,118565.47999999998
PALLAPIZZA,VITORIA,2024,9,107352.56,1247.66,12787.58,2726.78,3484.53,127599.11
PALLAPIZZA,VITORIA,2024,10,62874.31,4710.94,9714.82,2510.19,1400.28,81210.54000000001
PALLAPIZZA,VITORIA,2024,11,110956.32,2567.4,11830.04,3760.49,2554.64,131668.89
PALLAPIZZA,VITORIA,2024,12,128339.79,1493.78,9534.8,2904.79,1869.19,144142.35
PALLAPIZZA,ZARAGOZA,2024,1,136393.76,1098.94,8494.06,3037.01,2878.95,151902.72000000003
PALLAPIZZA,ZARAGOZA,2024,2,74214.3,4437.7,5843.97,5509.5,1706.51,91711.98
PALLAPIZZA,ZARAGOZA,2024,3,40911.06,3241.95,10986.18,7836.2,1886.4,64861.78999999999
PALLAPIZZA,ZARAGOZA,2024,4,135436.03,1424.34,11519.27,5012.87,2047.48,155439.99
PALLAPIZZA,ZARAGOZA,2024,5,143338.92,2244.59,5251.08,3597.6,2656.22,157088.41
PALLAPIZZA,ZARAGOZA,2024,6,56138.06,4552.66,7561.92,4443.53,3665.49,76361.66
PALLAPIZZA,ZARAGOZA,2024,7,64351.22,1740.02,11212.57,4590.6,1098.25,82992.66
PALLAPIZZA,ZARAGOZA,2024,8,41144.17,3761.01,9211.14,7445.94,3210.56,64772.82
PALLAPIZZA,ZARAGOZA,2024,9,45844.72,2539.95,11140.94,2840.71,1821.3,64187.62
PALLAPIZZA,ZARAGOZA,2024,10,62904.12,1130.4,5998.92,5102.05,3465.7,78601.19
PALLAPIZZA,ZARAGOZA,2024,11,76569.16,3062.43,13581.57,7955.4,2396.43,103564.98999999999
PALLAPIZZA,ZARAGOZA,2024,12,59870.45,4367.85,14798.08,4462.03,2153.61,85652.01999999999
PALLAPIZZA,PAMPLONA,2025,1,95378.55,2482.43,11448.45,2606.57,2166.47,114082.47
PALLAPIZZA,PAMPLONA,2025,2,127040.4,1702.7,10862.56,3615.96,1909.06,145130.68
PALLAPIZZA,PAMPLONA,2025,3,81278.71,2381.54,14444.47,3153.06,2142.03,103399.81
PALLAPIZZA,PAMPLONA,2025,4,100684.81,3319.97,10274.01,2271.11,2848.02,119397.92
PALLAPIZZA,PAMPLONA,2025,5,41550.4,3918.22,10075.74,5980.27,1137.03,62661.66
PALLAPIZZA,PAMPLONA,2025,6,98395.79,2483.23,10381.05,7544.05,1863.85,120667.97
PALLAPIZZA,PAMPLONA,2025,7,56417.4,3555.41,10227.14,6702.96,2337.06,79239.97
PALLAPIZZA,PAMPLONA,2025,8,145804.5,1444.09,5885.71,7033.75,2633.64,162801.69
PALLAPIZZA,PAMPLONA,2025,9,140279.79,2351.72,9013.45,4360.48,3362.57,159368.01000000004
PALLAPIZZA,PAMPLONA,2025,10,127326.96,4088.29,13906.97,3709.13,3343.27,152374.62
PALLAPIZZA,PAMPLONA,2025,11,51442.22,3771.75,10505.02,3850.45,2886.03,72455.47
PALLAPIZZA,PAMPLONA,2025,12,99089.67,4069.47,9649.83,5700.35,3896.26,122405.58
PALLAPIZZA,BILBAO,2025,1,124427.12,2818.26,9834.06,3006.64,2510.81,142596.89
PALLAPIZZA,BILBAO,2025,2,54655.1,2101.5,11200.41,5302.49,3922.45,77181.95
PALLAPIZZA,BILBAO,2025,3,138262.56,1416.09,6847.9,4514.62,3845.55,154886.71999999997
PALLAPIZZA,BILBAO,2025,4,132474.79,3060.66,13376.36,6739.38,2869.44,158520.63
PALLAPIZZA,BILBAO,2025,5,59251.5,1718.06,7810.56,3854.45,3930.28,76564.84999999999
PALLAPIZZA,BILBAO,2025,6,132313.1,1158.29,7317.44,7350.34,2085.04,150224.21000000002
PALLAPIZZA,BILBAO,2025,7,40361.17,3331.86,11701.67,5379.2,3263.07,64036.969999999994
PALLAPIZZA,BILBAO,2025,8,77881.03,1625.46,5816.96,2337.6,2807.14,90468.19000000002
PALLAPIZZA,BILBAO,2025,9,115135.36,3792.44,6259.96,4709.77,2785.64,132683.17
PALLAPIZZA,BILBAO,2025,10,71930.43,4470.49,14051.17,7548.75,3368.98,101369.81999999999
PALLAPIZZA,BILBAO,2025,11,114816.85,4450.25,5476.14,7919.22,2325.93,134988.38999999998
PALLAPIZZA,BILBAO,2025,12,83738.45,2579.41,12976.69,3301.02,2014.17,104609.74
PALLAPIZZA,BURGOS,2025,1,148084.3,1313.54,12850.14,7367.58,3721.55,173337.10999999996
PALLAPIZZA,BURGOS,2025,2,46375.85,3038.8,9205.79,3605.03,1712.34,63937.81
PALLAPIZZA,BURGOS,2025,3,64684.65,1021.72,12351.27,5699.21,3230.68,86987.53
PALLAPIZZA,BURGOS,2025,4,140169.59,3445.19,11907.86,2381.15,1399.4,159303.19
PALLAPIZZA,BURGOS,2025,5,138577.25,1135.15,6331.37,5710.36,2539.31,154293.43999999997
PALLAPIZZA,BURGOS,2025,6,81576.52,2676.58,8270.17,4422.13,1360.85,98306.25000000001
PALLAPIZZA,BURGOS,2025,7,62631.61,3105.7,11490.2,3282.26,1432.97,81942.73999999999
PALLAPIZZA,BURGOS,2025,8,48986.01,3519.36,11318.89,4441.72,3111.64,71377.62
PALLAPIZZA,BURGOS,2025,9,46007.5,2397.13,12267.35,5693.67,1479.88,67845.53
PALLAPIZZA,BURGOS,2025,10,98860.5,2675.31,5726.84,5507.71,1619.95,114390.31
PALLAPIZZA,BURGOS,2025,11,62758.69,4409.44,9380.18,5725.7,2119.4,84393.40999999999
PALLAPIZZA,BURGOS,2025,12,68646.82,1573.3,10323.95,3501.8,1843.96,85889.83000000002
PALLAPIZZA,VITORIA,2025,1,76257.54,3171.39,12675.67,4223.3,2249.7,98577.59999999999
PALLAPIZZA,VITORIA,2025,2,60498.49,2262.78,12904.21,6741.05,3350.55,85757.08
PALLAPIZZA,VITORIA,2025,3,149193.14,3091.23,13198.18,6378.14,1622.39,173483.08000000005
PALLAPIZZA,VITORIA,2025,4,99424.96,4558.78,6545.84,3445.07,3761.14,117735.79000000001
PALLAPIZZA,VITORIA,2025,5,131345.18,3228.57,6240.05,6410.66,3097.51,150321.97
PALLAPIZZA,VITORIA,2025,6,115110.79,4234.09,8783.87,7612.72,2372.95,138114.41999999998
PALLAPIZZA,VITORIA,2025,7,132985.53,2715.51,13424.11,2104.05,3948.73,155177.93000000002
PALLAPIZZA,VITORIA,2025,8,100913.0,2228.1,9289.21,4340.48,3783.48,120554.26999999999
PALLAPIZZA,VITORIA,2025,9,98471.82,4596.18,11459.61,5937.35,3907.48,124372.44
PALLAPIZZA,VITORIA,2025,10,129328.8,2519.24,11573.93,4128.06,3164.42,150714.45
PALLAPIZZA,VITORIA,2025,11,51806.22,2359.15,10047.56,3084.11,2389.65,69686.68999999999
PALLAPIZZA,VITORIA,2025,12,71397.28,1843.91,10141.3,6803.15,3272.72,93458.36
PALLAPIZZA,ZARAGOZA,2025,1,89542.21,2784.69,11241.37,7698.55,2174.9,113441.72
PALLAPIZZA,ZARAGOZA,2025,2,101387.0,1876.12,12192.35,4209.49,1881.42,121546.38
PALLAPIZZA,ZARAGOZA,2025,3,140784.19,2922.83,11942.7,7818.31,1321.42,164789.45
PALLAPIZZA,ZARAGOZA,2025,4,77418.84,4059.67,13309.73,2397.18,1580.8,98766.21999999999
PALLAPIZZA,ZARAGOZA,2025,5,62705.21,2049.57,13791.46,2371.57,3829.47,84747.28
PALLAPIZZA,ZARAGOZA,2025,6,130771.96,4917.64,14710.17,3652.33,2899.58,156951.68
PALLAPIZZA,ZARAGOZA,2025,7,71466.38,2022.97,6469.47,6876.42,2385.31,89220.55
PALLAPIZZA,ZARAGOZA,2025,8,65565.67,2077.64,5804.85,4308.64,2936.49,80693.29000000001
PALLAPIZZA,ZARAGOZA,2025,9,44803.97,1220.91,10633.42,7873.87,2884.41,67416.58
PALLAPIZZA,ZARAGOZA,2025,10,129850.12,3245.26,12787.56,7099.32,1850.52,154832.78
PALLAPIZZA,ZARAGOZA,2025,11,83597.72,3062.08,14339.02,2843.83,1931.81,105774.46
PALLAPIZZA,ZARAGOZA,2025,12,73163.41,4976.78,10372.98,5589.68,2419.01,96521.86
